<?xml version="1.0" encoding="utf-8" ?>
<carriers>
  <country name="Australia">
    <carrier name="Optus" logo="" />
    <carrier name="Orange" logo="" />
    <carrier name="Telstra" logo="" />
    <carrier name="Three" logo="" />
    <carrier name="Virgin" logo="" />
    <carrier name="VodaFone" logo="" />    
  </country>
  <country name="US">
    <carrier name="Alltel" logo="images/carriers/alltelwireless.png" />
    <carrier name="ATT" logo="" />
    <carrier name="Boost" logo="images/carriers/boostmobile.png" />
    <carrier name="Cingular" logo="" />
    <carrier name="Dobson/Cellular One" logo="images/carriers/cellularone.png" />
    <carrier name="Nextel" logo="images/carriers/nextel.png" />
    <carrier name="Sprint" logo="images/carriers/sprint.png" />
    <carrier name="T-Mobile" logo="images/carriers/tmobile.png" />
    <carrier name="Verizon" logo="images/carriers/verizon.png" />
    <carrier name="Virgin" logo="" />
  </country>
</carriers>
