<?xml version="1.0" encoding="utf-8" ?>
<countries>
  <country name="Canada" flag="" />
  <country name="United Kingdom" flag="" />
  <country name="United States" flag="" />
  <country name="Russia" flag="" />
  <country name="France" flag="" />
  <country name="Germany" flag="" />
  <country name="Italy" flag="" />
  <country name="Japan" flag="" />
  <country name="Korea" flag="" />
  <country name="China" flag="" />
</countries>
<!--
<country name="Afghanistan" />
<country name="Albania" />
<country name="Algeria" />
<country name="Andorra" />
<country name="Angola" />
<country name="Antigua and Barbuda" />
<country name="Argentina" />
<country name="Armenia" />
<country name="Aruba" />
<country name="Australia" /> 
<country name="Austria" />
<country name="Azerbaijan" />
<country name="Bahamas" />
<country name="Bahrain" />
<country name="Bangladesh" />
<country name="Barbados" />
<country name="Belarus" />
<country name="Belgium" />
<country name="Belize" />
<country name="Benin" />
<country name="Bermuda" />
<country name="Bhutan" />
<country name="Bolivia" />
<country name="Bosnia & Herzegovina" />
<country name="Botswana" />
<country name="Brazil" />
<country name="Brunei" />
<country name="Bulgaria" />
<country name="Burkina Faso" /> 
<country name="Burma" />
<country name="Burundi" />
<country name="Cambodia" />
<country name="Cameroon" />
<country name="Canada" />
<country name="Cape Verde" /> 
<country name="Cayman Islands" /> 
<country name="Central Africa" />
<country name="Republic Chad" />
<country name="Chile" />
<country name="China" />
<country name="Colombia" />
<country name="Comoros" />
<country name="Congo" />
<country name="Costa Rica" />
<country name="Croatia" />
<country name="Cuba" />
<country name="Cyprus" />
<country name="Czech Republic" />
<country name="Denmark" />
<country name="Djibouti Dominica" />
<country name="Dominican Republic" />
<country name="Ecuador" />
<country name="Egypt" />
<country name="El Salvador" />
<country name="Equatorial Guinea" />
<country name="Eritrea" />
<country name="Estonia" />
<country name="Ethiopia" />
<country name="Fiji" />
<country name="Finland" />
<country name="France" />
<country name="French Guiana" />
<country name="Gabon" />
<country name="Gambia" />
<country name="Georgia" />
<country name="Germany" />
<country name="Ghana" />
<country name="Gibraltar" />
<country name="Greece" />
<country name="Grenada" />
<country name="Guadeloupe" />
<country name="Guatemala" />
<country name="Guinea" />
<country name="Guinea-Bissau" />
<country name="Guyana" />
<country name="Haiti" />
<country name="Honduras" />
<country name="Hong Kong" />
<country name="Hungary" />
<country name="Iceland" />
<country name="India" />
<country name="Indonesia" />
<country name="Iran" />
<country name="Iraq" />
<country name="Ireland" />
<country name="Israel" />
<country name="Italy" />
<country name="Ivory Coast" />
<country name="Jamaica" />
<country name="Japan" />
<country name="Jersey" />
<country name="Jordan" />
<country name="Kazakhstan" />
<country name="Kenya" />
<country name="Kuwait" />
<country name="Kyrgyzstan" />
<country name="Laos" />
<country name="Latvia" />
<country name="Lebanon" />
<country name="Lesotho" />
<country name="Liberia" />
<country name="Libya" />
<country name="Liechtenstein" />
<country name="Lithuania" />
<country name="Luxembourg" />
<country name="Macau" />
<country name="Macedonia" />
<country name="Madagascar" />
<country name="Malawi" />
<country name="Malaysia" />
<country name="Maldives" />
<country name="Mali" />
<country name="Malta" />
<country name="Martinique" />
<country name="Mauritania" />
<country name="Mauritius" />
<country name="Mexico" />
<country name="Moldova" />
<country name="Monaco" />
<country name="Mongolia" />
<country name="Morocco" />
<country name="Mozambique" />
<country name="Namibia" />
<country name="Nepal" />
<country name="Netherlands" />
<country name="Netherlands Antilles" />
<country name="New Zealand" />
<country name="Nicaragua" />
<country name="Niger" />
<country name="Nigeria" />
<country name="North Korea" />
<country name="Norway" />
<country name="Oman" />
<country name="Pakistan" />
<country name="Panama" />
<country name="Papua New Guinea" />
<country name="Paraguay" />
<country name="Peru" />
<country name="Philippines" />
<country name="Poland" />
<country name="Portugal" />
<country name="Qatar" />
<country name="Romania" />
<country name="Russia" />
<country name="Rwanda" />
<country name="San Marino" />
<country name="Sao Tome & Principe" />
<country name="Saudi Arabia" />
<country name="Senegal" />
<country name="Serbia & Montenegro" />
<country name="Seychelles" />
<country name="Sierra Leone" />
<country name="Singapore" />
<country name="Slovakia" />
<country name="Slovenia" />
<country name="Somalia" />
<country name="South Africa" />
<country name="South Korea" />
<country name="Spain" />
<country name="Sri Lanka" />
<country name="St. Kitts & Nevis" />
<country name="St. Lucia" />
<country name="St. Vincent & the Grenadines" />
<country name="Sudan" />
<country name="Suriname" />
<country name="Swaziland" />
<country name="Sweden" />
<country name="Switzerland" />
<country name="Syria" />
<country name="Taiwan" />
<country name="Tajikistan" />
<country name="Tanzania" />
<country name="Thailand" />
<country name="Togo" />
<country name="Trinidad and Tobago" />
<country name="Tunisia" />
<country name="Turkey" />
<country name="Turkmenistan" />
<country name="Turks and Caicos Islands" />
<country name="Uganda" />
<country name="Ukraine" />
<country name="U.A.E." />
<country name="United Kingdom" />
<country name="United States" />
<country name="Uruguay" />
<country name="Uzbekistan" />
<country name="Venezuela" />
<country name="Vietnam" />
<country name="Western Sahara" />
<country name="Yemen" />
<country name="Zambia" />
<country name="Zimbabwe" />
-->
