﻿<?xml version="1.0" encoding="utf-8"?>
<!--Pitching Statistics:-->
<defense>
    <stat>
        <label>Games Pitched</label>
        <abrv>GP</abrv>
        <desc>The cumulative total number of games in which a player has pitched.</desc>
    </stat>
    <stat>
        <label>Innings Pitched</label>
        <abrv>IP</abrv>
        <desc>The cumulative total number of innings pitched by a player.</desc>
    </stat>
    <stat>
        <label>Wins</label>
        <abrv>W</abrv>
        <desc>The number of games won. A starting pitcher will be credited with a win if he pitches at least 5 complete innings, his team is in the lead when he leaves the game and his team continues to maintain the lead for the rest of the game.</desc>
    </stat>
    <stat>
        <label>Losses</label>
        <abrv>L</abrv>
        <desc>The number of games lost.</desc>
    </stat>
    <stat>
        <label>Win/Loss Percentage</label>
        <abrv>PCT</abrv>
        <desc>The total number of wins divided by the sum of wins and losses.</desc>
    </stat>
    <stat>
        <label>Saves</label>
        <abrv>S</abrv>
        <desc>The number of times a relief pitcher finishes a game where the potential tying or winning run is on base, at bat or on deck.</desc>
    </stat>
    <stat>
        <label>Hits Allowed</label>
        <abrv>H</abrv>
        <desc>The number of hits given up while pitching.</desc>
    </stat>
    <stat>
        <label>Base on Balls</label>
        <abrv>BB</abrv>
        <desc>The number of times a pitcher has thrown four balls, allowing the batter to be awarded first base</desc>
    </stat>
    <stat>
        <label>Strikeouts</label>
        <abrv>SO</abrv>
        <desc>The number of times a pitcher retires a batter after three strikes.</desc>
    </stat>
    <stat>
        <label>Earned Run Average</label>
        <abrv>ERA</abrv>
        <desc>Earned Run Average The number of Earned Runs (scored without an error) that pitcher allows every nine innings. Computed by multiplying the total number of earned runs by nine and dividing by the number of innings pitched.</desc>
    </stat>
    <stat>
        <label>Games Pitched</label>
        <abrv>G</abrv>
        <desc></desc>
    </stat>
    <stat>
        <label>Games Started</label>
        <abrv>GS</abrv>
        <desc></desc>
    </stat>
    <stat>
        <label>Complete Games</label>
        <abrv>CG</abrv>
        <desc></desc>
    </stat>
    <stat>
        <label>Games Finished</label>
        <abrv>GF</abrv>
        <desc></desc>
    </stat>
    <stat>
        <label>Innings Pitched</label>
        <abrv>IP</abrv>
        <desc></desc>
    </stat>
    <stat>
        <label>Batters Facing Pitcher</label>
        <abrv>BFP</abrv>
        <desc></desc>
    </stat>
    <stat>
        <label>Runs Allowed</label>
        <abrv>R</abrv>
        <desc></desc>
    </stat>
    <stat>
        <label>Earned Runs Allowed</label>
        <abrv>ER</abrv>
        <desc></desc>
    </stat>
    <stat>
        <label>Home Runs Allowed</label>
        <abrv>HR</abrv>
        <desc></desc>
    </stat>
    <stat>
        <label>Sacrifice Hits Allowed</label>
        <abrv>SH</abrv>
        <desc></desc>
    </stat>
    <stat>
        <label>Sacrifice Flies Allowed</label>
        <abrv>SF</abrv>
        <desc></desc>
    </stat>
    <stat>
        <label>Hit Batsmen</label>
        <abrv>HB</abrv>
        <desc></desc>
    </stat>
    <stat>
        <label>Total Bases on Balls</label>
        <abrv>TBB</abrv>
        <desc></desc>
    </stat>
    <stat>
        <label>Intentional Bases on Ball</label>
        <abrv>IBB</abrv>
        <desc></desc>
    </stat>
    <stat>
        <label>Strikeouts</label>
        <abrv>SO</abrv>
        <desc></desc>
    </stat>
    <stat>
        <label>Wild Pitches</label>
        <abrv>WP</abrv>
        <desc></desc>
    </stat>
    <stat>
        <label>Run Support per Nine Innings</label>
        <abrv>Sup</abrv>
        <desc></desc>
    </stat>
    <stat>
        <label>Run Support per Nine Innings</label>
        <abrv>RS</abrv>
        <desc></desc>
    </stat>
    <stat>
        <label>Inherited Runners</label>
        <abrv>IR</abrv>
        <desc></desc>
    </stat>
    <stat>
        <label>Inherited Runners who Scored</label>
        <abrv>IRS</abrv>
        <desc></desc>
    </stat>
    <stat>
        <label>Quality Starts</label>
        <abrv>QS</abrv>
        <desc></desc>
    </stat>
    <stat>
        <label>Save Opportunities</label>
        <abrv>SvOp</abrv>
        <desc></desc>
    </stat>
    <stat>
        <label></label>
        <abrv>GB</abrv>
        <desc>Groundballs Hit Against the Pitcher (hits, outs and errors)</desc>
    </stat>
    <stat>
        <label></label>
        <abrv>FB</abrv>
        <desc>Fly Balls Hit Against the Pitcher (excludes line drives)</desc>
    </stat>
    <stat>
        <label>Ratio of Grounders to Flies</label>
        <abrv>GF(G/F)</abrv>
        <desc></desc>
    </stat>
    <stat>
        <label>Balks</label>
        <abrv>Bk</abrv>
        <desc></desc>
    </stat>
    <stat>
        <label>Wins</label>
        <abrv>W</abrv>
        <desc></desc>
    </stat>
    <stat>
        <label>Losses Pct.</label>
        <abrv>L</abrv>
        <desc></desc>
    </stat>
    <stat>
        <label>Shutouts</label>
        <abrv>ShO</abrv>
        <desc></desc>
    </stat>
    <stat>
        <label>Saves</label>
        <abrv>Sv</abrv>
        <desc></desc>
    </stat>
    <stat>
        <label>Walks Issued</label>
        <abrv>BB</abrv>
        <desc></desc>
    </stat>
    <stat>
        <label></label>
        <abrv>Avg</abrv>
        <desc>Batting Average Allowed by Pitcher</desc>
    </stat>
    <stat>
        <label>Ratio of SO/AB</label>
        <abrv>RAT</abrv>
        <desc></desc>
    </stat>
    <stat>
        <label>Height</label>
        <abrv>Ht</abrv>
        <desc></desc>
    </stat>
    <stat>
        <label>Weight</label>
        <abrv>Wt</abrv>
        <desc></desc>
    </stat>
    <stat>
        <label>Position</label>
        <abrv>POS</abrv>
        <desc></desc>
    </stat>
    <stat>
        <label>Year</label>
        <abrv>Yr</abrv>
        <desc></desc>
    </stat>
    <stat>
        <label>Minor League Level</label>
        <abrv>Lg</abrv>
        <desc></desc>
    </stat>
    <stat>
        <label>Throws Left-handed</label>
        <abrv>*</abrv>
        <desc></desc>
    </stat>
    <stat>
        <label>Number of Games at Positions</label>
        <abrv>G</abrv>
        <desc></desc>
    </stat>
    <stat>
        <label>Number of Starts</label>
        <abrv>GS</abrv>
        <desc></desc>
    </stat>
    <stat>
        <label>Number of Innings at Position</label>
        <abrv>Innings</abrv>
        <desc></desc>
    </stat>
    <stat>
        <label>Putouts</label>
        <abrv>PO</abrv>
        <desc></desc>
    </stat>
    <stat>
        <label>Assists</label>
        <abrv>A</abrv>
        <desc></desc>
    </stat>
    <stat>
        <label>Errors</label>
        <abrv>E</abrv>
        <desc></desc>
    </stat>
    <stat>
        <label>Double Plays Turned</label>
        <abrv>DP</abrv>
        <desc></desc>
    </stat>
    <stat>
        <label>Fielding Percentage</label>
        <abrv>Fld. Pct</abrv>
        <desc></desc>
    </stat>
    <stat>
        <label>Range Factor</label>
        <abrv>Rng. Fctr</abrv>
        <desc></desc>
    </stat>
    <stat>
        <label>In Zone</label>
        <abrv></abrv>
        <desc>Balls Hit in the Player's Area</desc>
    </stat>
    <stat>
        <label>Outs</label>
        <abrv></abrv>
        <desc>Number of Outs Resulting from a Ball Hit to a Player</desc>
    </stat>
    <stat>
        <label>Zone Rate (see Definitions)</label>
        <abrv>Zone Rtg</abrv>
        <desc></desc>
    </stat>
    <stat>
        <label>MLB Zone</label>
        <abrv></abrv>
        <desc>Major League Average Zone Rating for that Position</desc>
    </stat>
</defense>