<?xml version="1.0" encoding="utf-8" ?>
<education>
  <level name="High School">
    <degree name="GED" />
    <degree name="Diploma" />
    <degree name="CHSPE" />
  </level>
  <level name="Junior College">
    <degree name="AA" />
    <degree name="AS" />
    <degree name="Cert." />
  </level>
  <level name="Tech School">
    <degree name="Cert." />
  </level>
  <level name="State College">
    <degree name="BA" />
    <degree name="BS" />
  </level>
  <level name="Private College">
    <degree name="BA" />
    <degree name="BS" />
  </level>
  <level name="Graduate School">
    <degree name="MA" />
    <degree name="MS" />
  </level>
  <level name="Post Graduate">
    <degree name="PHD" />
  </level>
<!--
Have Jeff structure this to include UC and CS 
systems and correct any mis-information

Must also look into foreign schooling systems
and translate to equivalent info for each region
-->  
</education>
