<?xml version="1.0" encoding="utf-8" ?>
<ethicity>
  <!--  
    Arab
    Armenian
    Korean
    Indian
    Chinese
    Caucasian
    African-American
    Asian
    American
    South American
    Central American
    European
    Russian 
    Persian/Iranian 

    Hispanic/Latin
    East Asian
    South Asian
    Middle Eastern
    Native American
    Pacific Islander
     
    Black  
    East Indian  
    Hispanic  
    Various  
    Other  
  
 -->
  <group ID="0" Value="" />
  <group ID="1" Value="Asian" />
  <group ID="2" Value="Black / African" />
  <group ID="3" Value="White / Caucasian" />
  <group ID="4" Value="Hispanic / Latino" />
  <group ID="5" Value="East Indian / South Asian" />
  <group ID="7" Value="Pacific Islander" />
  <group ID="8" Value="Mixed / Various" />
  <group ID="9" Value="Middle Eastern / Arab" />
  <group ID="6" Value="West Indian / Native American" />
  <group ID="10" Value="Other" />
</ethicity>