﻿<?xml version="1.0" encoding="utf-8"?>
<glossary>
    <term>
        <label>Balk</label>
        <desc>
            An illegal motion by the pitcher with one or more runners on base, entitling all runners to advance one base. A balk can be one of a number of movements related to the pitching motion but the intention is to catch the runners off balance.
        </desc>
    </term>
    <term>
        <label>Ball</label>
        <desc>
            A pitch which does not enter the strike zone and is not struck at by the batter.
        </desc>
    </term>
    <term>
        <label>Base</label>
        <desc>
            The four points of the baseball diamond (first through third bases and home plate) that must be touched by a runner in order to score a run.
        </desc>
    </term>
    <term>
        <label>Batter</label>
        <desc>
            The offensive player who is currently positioned in the batter's box.
        </desc>
    </term>
    <term>
        <label>Batter's Box</label>
        <desc>
            Either of the areas next to home plate where the batter stands during his time at bat.
        </desc>
    </term>
    <term>
        <label>Bottom</label>
        <desc>
            The second half of an inning.
        </desc>
    </term>
    <term>
        <label>Bunt</label>
        <desc>
            A legally batted ball, not swung at but intentionally met with the bat and tapped within the infield.
        </desc>
    </term>
    <term>
        <label>Catch</label>
        <desc>
            The act of a fielder in getting secure possession in his hand or glove of a ball in flight and firmly holding it.
        </desc>
    </term>
    <term>
        <label>Catcher</label>
        <desc>
            The defensive player whose position is directly behind home plate.
        </desc>
    </term>
    <term>
        <label>Defense</label>
        <desc>
            The team currently in the field.
        </desc>
    </term>
    <term>
        <label>Designated Hitter</label>
        <desc>
            A player who may be designated to bat instead of the pitcher.
        </desc>
    </term>
    <term>
        <label>Double</label>
        <desc>
            A play in which the batter makes it safely to second base without stopping.
        </desc>
    </term>
    <term>
        <label>Double Header</label>
        <desc>
            Two games played in immediate succession.
        </desc>
    </term>
    <term>
        <label>Double Play</label>
        <desc>
            A defensive play in which two offensive players are put out as a result of one continuous action.
        </desc>
    </term>
    <term>
        <label>Dugout</label>
        <desc>
            The seating area for team members not currently on the playing field.
        </desc>
    </term>
    <term>
        <label>Fair Ball</label>
        <desc>
            A legally batted ball that settles on or over fair territory.
        </desc>
    </term>
    <term>
        <label>Fair Territory</label>
        <desc>
            That part of the playing field within and including the first base and third base lines, from home plate to the playing field fence and perpendicularly upwards.
        </desc>
    </term>
    <term>
        <label>Fielder</label>
        <desc>
            One of the nine defensive players, including pitcher, catcher, first baseman, second baseman, third baseman, shortstop, left fielder, center fielder and right fielder.
        </desc>
    </term>
    <term>
        <label>Fielder's Choice</label>
        <desc>
            The act of a fielder who handles a fair grounder and, instead of throwing to first base to put out the batter runner, throws to another base in an attempt to put out a preceding runner.
        </desc>
    </term>
    <term>
        <label>Fly Ball</label>
        <desc>
            A ball which goes high in the air when batted.
        </desc>
    </term>
    <term>
        <label>Force Play</label>
        <desc>
            A play in which a runner loses his right to occupy a base when the current batter becomes a runner.
        </desc>
    </term>
    <term>
        <label>Forfeited Game</label>
        <desc>
            A game declared ended by the umpire for violation of the rules, and awarded to the offended team.
        </desc>
    </term>
    <term>
        <label>Foul Ball</label>
        <desc>
            A batted ball that lands on foul territory between home plate and first base or third base, bounds past first or third base on or over third territory, first touches foul territory beyond first or third base, or touches a player, umpire or any object not part of the playing field while over foul territory.
        </desc>
    </term>
    <term>
        <label>Foul Territory</label>
        <desc>
            That part of the playing field outside the first and third base lines extended to the outfield fence and perpendicularly upwards.
        </desc>
    </term>
    <term>
        <label>Ground Ball</label>
        <desc>
            A batted ball which rolls along the ground.
        </desc>
    </term>
    <term>
        <label>Ground Rule Double</label>
        <desc>
            When a line drive bounces on the field and over the wall in fair territory the hit is scored as a ground rule double and the batter advances to second base.
        </desc>
    </term>
    <term>
        <label>Home Plate</label>
        <desc>
            The base over which an offensive player bats, and to which he must return after touching all three bases in order to score a run.
        </desc>
    </term>
    <term>
        <label>Home Run</label>
        <desc>
            A play in which the batter makes it safely around all bases and back to home plate without stopping.
        </desc>
    </term>
    <term>
        <label>Home Team</label>
        <desc>
            The team on whose field the game is played. If the game is played on neutral grounds, the home team shall be designated by mutual agreement.
        </desc>
    </term>
    <term>
        <label>Infield</label>
        <desc>
            The diamond-shaped portion of the playing field bordered by the four bases.
        </desc>
    </term>
    <term>
        <label>Infielder</label>
        <desc>
            A fielder who occupies a position in the infield.
        </desc>
    </term>
    <term>
        <label>Infield Fly</label>
        <desc>
            A fair fly ball which can be caught by an infielder with ordinary effort, which first and second, or first, second and third bases are occupied before the second out. Infield Fly Rule: On the infield fly rule the umpire is to rule whether the ball could ordinarily have been handled by an infielder not by some arbitrary limitation such as the grass, or the base lines. The umpire's judgment must govern, and the decision should be made immediately. When an infield fly rule is called, runners may advance at their own risk. If on an infield fly rule, the infielder intentionally drops a fair ball, the ball remains in play.
        </desc>
    </term>
    <term>
        <label>Inning</label>
        <desc>
            That portion of the game within which the teams alternate on offense and defense and in which there are three outs for each team. Each team's time at bat is a half-inning.
        </desc>
    </term>
    <term>
        <label>Line Drive</label>
        <desc>
            A ball which is batted directly to a fielder without touching the ground.
        </desc>
    </term>
    <term>
        <label>Offense</label>
        <desc>
            The team currently at bat.
        </desc>
    </term>
    <term>
        <label>Out</label>
        <desc>
            A declaration by the umpire that a player who is trying for a base is not entitled to that base.
        </desc>
    </term>
    <term>
        <label>Outfield</label>
        <desc>
            The portion of the playing field that extends beyond the infield and is bordered by the first and third baselines.
        </desc>
    </term>
    <term>
        <label>Outfielder</label>
        <desc>
            A fielder who occupies a position in the outfield.
        </desc>
    </term>
    <term>
        <label>Pitch</label>
        <desc>
            The ball delivered by the pitcher to the batter.
        </desc>
    </term>
    <term>
        <label>Pitcher</label>
        <desc>
            The fielder designated to pitch the ball to the batter.
        </desc>
    </term>
    <term>
        <label>Quick Return Pitch</label>
        <desc>
            An illegal pitch, made with obvious intent to catch the batter off balance.
        </desc>
    </term>
    <term>
        <label>Run</label>
        <desc>
            The score made by an offensive player who has rounded the bases and returned to home plate.
        </desc>
    </term>
    <term>
        <label>Runner</label>
        <desc>
            An offensive player who is advancing toward, touching or returning to any base.
        </desc>
    </term>
    <term>
        <label>Safe</label>
        <desc>
            A declaration by the umpire that a runner who is trying for a base has not been tagged or forced out, and is therefore entitled to that base.
        </desc>
    </term>
    <term>
        <label>Single</label>
        <desc>
            A play in which the batter safely makes it to first base.
        </desc>
    </term>
    <term>
        <label>Strike</label>
        <desc>
            A legal pitch when so called by the umpire, which:

            <ol>
                <li>Is struck at by the batter and missed;</li>
                <li>Is not struck at, if the ball passes through the strike zone;</li>
                <li>Is fouled by the batter when he has less than two strikes;</li>
                <li>Is bunted foul;</li>
                <li>Touches the batter as he strikes at it;</li>
                <li>Touches the batter in flight in the strike zone; or</li>
                <li>After being batted, travels directly from the bat to the catcher's hands and is legally caught by the catcher (foul tip).</li>
            </ol>
        </desc>
    </term>
    <term>
        <label>Strike Zone</label>
        <desc>
            An area directly over home plate, from the bottom of the batter's kneecaps to the midpoint between the top of the batter's shoulders and the top of the batter's uniform pants.
        </desc>
    </term>
    <term>
        <label>Tag</label>
        <desc>
            The action of a fielder in touching a base with his body while holding the ball, or touching a runner with the ball, or with his hand or glove while holding the ball.
        </desc>
    </term>
    <term>
        <label>Throw</label>
        <desc>
            The act of propelling the ball toward a given objective, usually a teammate. A pitch is not a throw.
        </desc>
    </term>
    <term>
        <label>Top</label>
        <desc>
            The first half of an inning.
        </desc>
    </term>
    <term>
        <label>Triple</label>
        <desc>
            A play in which the batter makes it safely to third base without stopping.
        </desc>
    </term>
    <term>
        <label>Triple Play</label>
        <desc>
            A defensive play in which three offensive players are put out as a result of one action.
        </desc>
    </term>
    <term>
        <label>Umpire</label>
        <desc>
            The official who judges the legality of individual plays and who otherwise enforces the rules of the game.
        </desc>
    </term>
    <term>
        <abrv>
            2B
        </abrv>
        <label>

            Double
        </label>

        <desc>
            A hit where the batter safely reaches second base without assistance from an error and without advancing from first to second base due only to a fielder’s choice play.
        </desc>
        <formula>
            &nbsp;
        </formula>
    </term>
    <term>
        <abrv>
            3B
        </abrv>
        <label>

            Triple
        </label>

        <desc>
            A hit where the batter safely reaches third base without assistance from an error and without advancing from first or second base due only to a fielder’s choice play.
        </desc>
        <formula>
            &nbsp;
        </formula>
    </term>
    <term>
        <abrv>
            AB
        </abrv>
        <label>

            At Bats
        </label>

        <desc>
            How many times a batter comes to the plate without taking a walk.
        </desc>
        <formula>
            H+K+Outs
        </formula>
    </term>
    <term>
        <abrv>
            AO
        </abrv>
        <label>

            Air Outs
        </label>
        <desc>
            Outs resulting from FB.
        </desc>
        <formula>
            &nbsp;
        </formula>
    </term>
    <term>
        <abrv>
            Avg
        </abrv>
        <label>

            Batting Average
        </label>
        <desc>
            Indicator of a hitter’s success rate. (Also BA)
        </desc>
        <formula>
            H/AB
        </formula>
    </term>
    <term>
        <abrv>
            BA
        </abrv>
        <label>

            Batting Average
        </label>
        <desc>
            Indicator of a hitter’s success rate. (Also Avg)
        </desc>
        <formula>
            H/AB
        </formula>
    </term>
    <term>
        <abrv>
            BAA
        </abrv>
        <label>

            Batting Average Against
        </label>
        <desc>
            Indicator of a Pitcher’s performance that measures how well hitters perform against that pitcher.
        </desc>
        <formula>
            &nbsp;
        </formula>
    </term>
    <term>
        <abrv>
            BABIP
        </abrv>
        <label>

            Batting Average on Balls in Play
        </label>
        <desc>
            Also known as Hit Rate (H%), BABIP measures the percentage of balls that are hit into the field of play that result in a H, effectively measuring the impact of luck on performance (applies to both pitchers and batters). BABIP removes HR and K from the equation to focus on only balls hit fair and into play. The league average BABIP hovers around 0.300, so batters with a higher BABIP are likely to slump, while those with a lower BABIP are due for a hot streak.
        </desc>
        <formula>
            For Batters: (H-HR)/(AB-HR-K+SF)
        </formula>
    </term>
    <term>
        <abrv>
            BABIP
        </abrv>
        <label>

            Batting Average on Balls in Play
        </label>
        <desc>
            Also known as Hit Rate (H%), BABIP measures the percentage of balls that are hit into the field of play that result in a H, effectively measuring the impact of luck on performance (applies to both pitchers and batters). BABIP removes HR and K from the equation to focus on only balls hit fair and into play. The league average BABIP hovers around 0.300, so batters with a higher BABIP are likely to slump, while those with a lower BABIP are due for a hot streak.
        </desc>
        <formula>
            For Pitchers: (H-HR)/((IPx2.82)+H-K-HR)
        </formula>
    </term>
    <term>
        <abrv>
            BB
        </abrv>
        <label>

            Base-on-Balls
        </label>
        <desc>
            Walks, resulting from a PA that ends with a fourth called ball.
        </desc>
        <formula>
            &nbsp;
        </formula>
    </term>
    <term>
        <abrv>
            BB%
        </abrv>
        <label>

            Walk Rate
        </label>
        <desc>
            Percentage of walks compared to how many times a batter appears at the plate.
        </desc>
        <formula>
            BB/(AB+BB)
        </formula>
    </term>
    <term>
        <abrv>
            BS
        </abrv>
        <label>

            Blown Save
        </label>
        <desc>
            A BS is charged to an RP when he enters a game in a save-eligible situation and allows the tying run to score. Depending on the ultimate outcome of the game, said RP could also be charged with a Loss if the team loses the game, or he could be credited with a win if the team comes back in the next AB to win the game.
        </desc>
        <formula>
            &nbsp;
        </formula>
    </term>
    <term>
        <abrv>
            CG
        </abrv>
        <label>

            Complete Game
        </label>
        <desc>
            A complete game is recorded when an SP throws every pitch from start to finish.
        </desc>
        <formula>
            &nbsp;
        </formula>
    </term>
    <term>
        <abrv>
            Cmd
        </abrv>
        <label>

            Command
        </label>
        <desc>
            Sabermetric label that rates how well a pitcher is able to pitch stikes effectively. The higher the command ratio, the better the pitcher is performing.
        </desc>
        <formula>
            K/BB
        </formula>
    </term>
    <term>
        <abrv>
            CS
        </abrv>
        <label>

            Caught Stealing
        </label>
        <desc>
            Failure to successfully steal a base.
        </desc>
        <formula>
            &nbsp;
        </formula>
    </term>
    <term>
        <abrv>
            CT%
        </abrv>
        <label>

            Contact Rate
        </label>
        <desc>
            Measures how well a hitter is able to contact pitches and hit into the field of play. Hitters with high contact rates tend to perform well in BA.
        </desc>
        <formula>
            (AB-K)/AB
        </formula>
    </term>
    <term>
        <abrv>
            Ctl
        </abrv>
        <label>

            Control
        </label>
        <desc>
            Sabermetric label that rates how well a pitcher controls the strike zone, measured as walks per nine innings (BB/9).
        </desc>
        <formula>
            BB/IP*9
        </formula>
    </term>
    <term>
        <abrv>
            Dom
        </abrv>
        <label>

            Dominance
        </label>
        <desc>
            Sabermetric label that rates how well a pitcher dominates batters, measured as strikeouts per nine innings (K/9). The best pitchers exhibit dominance rates of at least 6.0.
        </desc>
        <formula>
            K/IP*9
        </formula>
    </term>
    <term>
        <abrv>
            ER
        </abrv>
        <label>

            Earned Run
        </label>
        <desc>
            A run that was scored without the assistance of a defensive Error.
        </desc>
        <formula>
            &nbsp;
        </formula>
    </term>
    <term>
        <abrv>
            ERA
        </abrv>
        <label>

            Earned Run Average
        </label>
        <desc>
            Measurement of the average number of ER a pitcher yields per nine IP.
        </desc>
        <formula>
            (ER/IP)*9
        </formula>
    </term>
    <term>
        <abrv>
            Eye
        </abrv>
        <label>

            Batting Eye
        </label>
        <desc>
            Indicator of a hitter’s ability to control the strike zone. High BA hitters will tend to be near or above 1.0.
        </desc>
        <formula>
            BB/K
        </formula>
    </term>
    <term>
        <abrv>
            FB
        </abrv>
        <label>

            Flyball
        </label>
        <desc>
            &nbsp;
        </desc>
        <formula>
            &nbsp;
        </formula>
    </term>
    <term>
        <abrv>
            FB%
        </abrv>
        <label>

            Flyball Percentage
        </label>
        <desc>
            FB% measures the percentage of balls hit in fair territory (inclusive of HR) by a batter that are flyballs.
        </desc>
        <formula>
            &nbsp;
        </formula>
    </term>
    <term>
        <abrv>
            GB
        </abrv>
        <label>

            Groundball
        </label>
        <desc>
            &nbsp;
        </desc>
        <formula>
            &nbsp;
        </formula>
    </term>
    <term>
        <abrv>
            GB%
        </abrv>
        <label>

            Groundball Percentage
        </label>
        <desc>
            GB% measures the percentage of balls hit in fair territory (inclusive of HR) by a batter that are groundballs.
        </desc>
        <formula>
            &nbsp;
        </formula>
    </term>
    <term>
        <abrv>
            GO
        </abrv>
        <label>

            Ground Outs
        </label>
        <desc>
            Outs resulting from GB.
        </desc>
        <formula>
            &nbsp;
        </formula>
    </term>
    <term>
        <abrv>
            GO/AO
        </abrv>
        <label>

            Ground Out/Air Out Ratio
        </label>
        <desc>
            &nbsp;
        </desc>
        <formula>
            &nbsp;
        </formula>
    </term>
    <term>
        <abrv>
            H
        </abrv>
        <label>

            Hits
        </label>
        <desc>
            A situation where a batter makes contact with a pitch, driving it into fair territory, and reaches first base safely.
        </desc>
        <formula>
            &nbsp;
        </formula>
    </term>
    <term>
        <abrv>
            H/9
        </abrv>
        <label>

            Hits Per Nine IP
        </label>
        <desc>
            A measure of how many H a pitcher yields, normalized to nine innings for comparison purposes.
        </desc>
        <formula>
            &nbsp;
        </formula>
    </term>
    <term>
        <abrv>
            HR
        </abrv>
        <label>

            Home Runs
        </label>
        <desc>
            Occurs when a batter makes contact with a pitch and drives the ball out of the park in fair territory, effectively driving all baserunners and the batter home for a run each.
        </desc>
        <formula>
            &nbsp;
        </formula>
    </term>
    <term>
        <abrv>
            HR/9
        </abrv>
        <label>

            Home Runs Per Nine IP
        </label>
        <desc>
            A measure of how many HR a pitcher yields, normalized to nine innings for comparison purposes. The best pitchers typically keep HR/9 below 1.0.
        </desc>
        <formula>
            &nbsp;
        </formula>
    </term>
    <term>
        <abrv>
            IP
        </abrv>
        <label>

            Innings Pitched
        </label>
        <desc>
            How many outs a pitcher forces divided by three. For fractions of innings, IP uses 0.1 and 0.2 to indicate one or two outs, but not a complete inning. For example, if a pitcher goes six innings plus forces two outs in the seventh inning, he is credited with 6.2 IP.
        </desc>
        <formula>
            &nbsp;
        </formula>
    </term>
    <term>
        <abrv>
            K
        </abrv>
        <label>

            Strikeout
        </label>
        <desc>
            When a batter accumulates three strikes in an AB, he is called out, resulting in a K for both the batter (received) and a pitcher (dealt).
        </desc>
        <formula>
            &nbsp;
        </formula>
    </term>
    <term>
        <abrv>
            L
        </abrv>
        <label>

            Loss
        </label>
        <desc>
            A termistic that is charged to a pitcher when he yields the deciding run, whether earned or unearned, in any game.
        </desc>
        <formula>
            &nbsp;
        </formula>
    </term>
    <term>
        <abrv>
            LD
        </abrv>
        <label>

            Line Drive
        </label>
        <desc>
            &nbsp;
        </desc>
        <formula>
            &nbsp;
        </formula>
    </term>
    <term>
        <abrv>
            LD%
        </abrv>
        <label>

            Line Drive Percentage
        </label>
        <desc>
            LD% measures the percentage of balls hit in fair territory (inclusive of HR) by a batter that are line drives.
        </desc>
        <formula>
            &nbsp;
        </formula>
    </term>
    <term>
        <abrv>
            OBP
        </abrv>
        <label>

            On-Base Percentage
        </label>
        <desc>
            Measures how often a batter reaches first base on H or BB as a percentage of total PA. Also OBA, for On-Base Average.
        </desc>
        <formula>
            (H+BB)/(PA)
        </formula>
    </term>
    <term>
        <abrv>
            OPS
        </abrv>
        <label>

            OBP plus SLG
        </label>
        <desc>
            On-base Percentage plus Slugging Percentage (OBP + SLG)
        </desc>
        <formula>
            ((H+BB)/PA) + (TB/AB)
        </formula>
    </term>
    <term>
        <abrv>
            PA
        </abrv>
        <label>

            Plate Appearances
        </label>
        <desc>
            How many times a batter appears as a hitter and completes a play, inclusive of all hits, outs, and walks. Appearances that are cut short due to another out (i.e. a pick off of a man on base) are omitted from PA.
        </desc>
        <formula>
            AB+BB
        </formula>
    </term>
    <term>
        <abrv>
            QS
        </abrv>
        <label>

            Quality Start
        </label>
        <desc>
            Measure of a pitcher’s isolated pitching performance. A QS occurs when a pitcher starts the game, completes a minimum of six IP, and yields no more than three ER.
        </desc>
        <formula>
            &nbsp;
        </formula>
    </term>
    <term>
        <abrv>
            RP
        </abrv>
        <label>

            Relief Pitcher
        </label>
        <desc>
            Any pitcher who is brought in after the game starts is an RP for that game.
        </desc>
        <formula>
            &nbsp;
        </formula>
    </term>
    <term>
        <abrv>
            S
        </abrv>
        <label>

            Save
        </label>
        <desc>
            <p>
                An RP, typically the closer, earns a save when the following conditions are met (as termed in the MLB rule book):
            </p>
            <ol>
                <li>He is the finishing pitcher in a game won by his team</li>
                <li>He is not the winning pitcher</li>
                <li>He is credited with at least half of an inning pitched</li>
                <li>He satisfies one of the following conditions:</li>
            </ol>
            <ul>
                <li>He enters the game with a lead of no more than three runs and pitches for at least one inning</li>
                <li>He enters the game, regardless of the count, with the potential tying run either on base, at bat, or on deck</li>
                <li>He pitches for at least three innings</li>
            </ul>
        </desc>
        <formula>
            &nbsp;
        </formula>
    </term>
    <term>
        <abrv>
            S%
        </abrv>
        <label>
            Strand Rate
        </label>
        <desc>
            Percent of ER-eligible base-runners that a pitcher leaves on base when he successfully ends an inning with three outs.
        </desc>
        <formula>
            (H+BB-ER)/(H+BB-HR)
        </formula>
    </term>
    <term>
        <abrv>
            SB
        </abrv>
        <label>
            Stolen Base
        </label>
        <desc>
            &nbsp;
        </desc>
        <formula>
            &nbsp;
        </formula>
    </term>
    <term>
        <abrv>
            SB%
        </abrv>
        <label>
            Stolen Base Percentage
        </label>
        <desc>
            Percent of attempted SB that are successful
        </desc>
        <formula>
            SB/(SB+CS)
        </formula>
    </term>
    <term>
        <abrv>
            SLG
        </abrv>
        <label>
            Slugging Percentage
        </label>
        <desc>
            Measures the power, or extra-base output of a batter.
        </desc>
        <formula>
            TB/AB
        </formula>
    </term>
    <term>
        <abrv>
            SP
        </abrv>
        <label>
            Starting Pitcher
        </label>
        <desc>
            The person who throws the first official pitch in any given baseball game.
        </desc>
        <formula>
            &nbsp;
        </formula>
    </term>
    <term>
        <abrv>
            TB
        </abrv>
        <label>
            Total Bases
        </label>
        <desc>
            Measure of how many bases a batter accumulates off of all hits, exclusive of advancement past first base due to defensive error or fielder’s choice.
        </desc>
        <formula>
            H+2B+(3B*2)+(HR*3)
        </formula>
    </term>
    <term>
        <abrv>
            W
        </abrv>
        <label>
            Win
        </label>
        <desc>
            A termistic that is credited to the pitcher who is in the lineup when a team takes a lead that is never relinquished. For an SP to get a win, he must last at least 5 IP and leave with his team winning, followed by no subsequent tie or change in lead. Any pitcher who appears in a game can be credited with a win in the right circumstances. Since wins are highly dependent on run support, defense, and luck, it is a highly volatile termistic from year-to-year and very difficult to successfully predict.
        </desc>
        <formula>
            &nbsp;
        </formula>
    </term>
    <term>
        <abrv>
            WHIP
        </abrv>
        <label>
            Walks &amp; Hits Per Inning Pitched
        </label>
        <desc>
            term that keeps track of how many people pitchers allow on base via walk or hit in an average inning. High WHIP pitchers tend to have higher ERAs.
        </desc>
        <formula>
            (BB+H)/IP
        </formula>
    </term>
    <term>
        <label>
            % Inherited Scored
        </label>
        <desc>
            A Relief Pitching statistic inidicating the percentage of runners on base at the time a relief pitcher enters a game that he allows to score.
        </desc>
    </term>
    <term>
        <label>
            1st Batter OBP
        </label>
        <desc>
            The On-Base Percentage allowed by a relief pitcher to the first batter he faces in a game.
        </desc>
    </term>
    <term>
        <label>
            Active Career Batting Leaders
        </label>
        <desc>
            Minimum of 1,000 At Bats required for Batting Average, On-Base Percentage, Slugging Percentage, At Bats Per HR, At Bats Per GDP, At Bats Per RBI, and K/BB Ratio. One hundred (100) Stolen Base Attempts required for Stolen Base Success %. Any player who appeared in 1995 is eligible for inclusion provided he meets the category's minimum requirements.
        </desc>
    </term>
    <term>
        <label>
            Active Career Pitching Leaders
        </label>
        <desc>
            Minimum of 750 Innings Pitched required for Earned Run Average, Opponent Batting Average, all of the Per 9 Innings categories, and Strikeout to Walk Ratio. Two hundred fifty (250) Games Started required for Complete Game Frequency. One hundred (100) decisions required for Win-Loss Percentage. Any player who appeared in 1995 is eligible for inclusion provided he meets the category's minimum requirements.
        </desc>
    </term>
    <term>
        <label>
            BA ScPoS Allowed
        </label>
        <desc>
            Batting Average Allowed with Runners in Scoring Position.
        </desc>
    </term>
    <term>
        <label>
            Baserunners per Nine Innings
        </label>
        <desc>
            These are the hits, walks and hit batsmen allowed per nin innings.
        </desc>
    </term>
    <term>
        <label>
            Bases Loaded
        </label>
        <desc>
            This category shows a player's batting average in bases loaded situation.
        </desc>
    </term>
    <term>
        <label>
            Batting Average
        </label>
        <desc>
            Hits divided by At Bats
        </desc>
    </term>
    <term>
        <label>
            Bequeathed Runners
        </label>
        <desc>
            Any runner(s) on base when a pitcher leaves a game are considered bequeathed to the departing hurler; the opposite of inherited runners (see below).
        </desc>
    </term>
    <term>
        <label>
            Blown Saves
        </label>
        <desc>
            This is charged any time a pitcher comes into a game where a save situation is in place and he loses the lead.
        </desc>
    </term>
    <term>
        <label>
            Catcher's ERA
        </label>
        <desc>
            The Earned Run Average of a club's pitchers with a particular catcher behind the plate. To figure this for a catcher, multiply the Earned Runs Allowed by the pitchers while he was catching times nine and divide that by his number of Innings Caught.
        </desc>
    </term>
    <term>
        <label>
            Cheap Wins/Tough Losses/Top Game Scores
        </label>
        <desc>
            First determine the starting pitcher's Game Score as follows:
            <ol>
                <li>Start with 50</li>
                <li>Add 1 point for each out recorded by the starting pitcher.</li>
                <li>Add 2 point for each inning the pitcher completes after the fourth inning.</li>
                <li>Add 1 point for each strikeout</li>
                <li>Subtract 2 points for each hit allowed</li>
                <li>Subtract 4 points for each earned run allowed</li>
                <li>Subtract 2 points for an unearned run.</li>
                <li>Subtract 1 point for each walk.</li>
            </ol>

            If the starting pitcher scores over 50 and loses, it's a Tough Loss. If he wins with a game score under 50, it's a Cheap Win.
        </desc>
    </term>
    <term>
        <label>
            Cleanup Slugging%
        </label>
        <desc>
            The Slugging Percentage of a player when batting fourth in the batting order.
        </desc>
    </term>
    <term>
        <label>
            Clutch
        </label>
        <desc>
            This category shows a player's batting average in the late innings of close games: the seventh inning or later with the batting team ahead by one, tied, or has the tying run on base, at bat or on deck.
        </desc>
    </term>
    <term>
        <label>
            Complete Game Frequency
        </label>
        <desc>
            Complete Games divided by Games Started
        </desc>
    </term>
    <term>
        <label>
            Defensive Batting Average
        </label>
        <desc>
            A composite statistic incorporating various defensive statistics to arrive at a number akin to batting average. The formula uses standard deviations to establish a spread from best to worst.
        </desc>
    </term>
    <term>
        <label>
            Earned Run Average
        </label>
        <desc>
            (Earned Runs times 9) divided by Innings Pitched.
        </desc>
    </term>
    <term>
        <label>
            Fast-A
        </label>
        <desc>
            Otherwise known as "Advanced A," these A-level minor leagues are the California League, Carolina League and Florida Stat League.
        </desc>
    </term>
    <term>
        <label>
            Favorite Toy
        </label>
        <desc>
            The Favorite Toy is a method that is used to estimate a player's chance of getting to a specific goal in the following example, we'll say 3,000 hits.

        Four things are considered:
        <ol>
            <li>Need Hits - the number of hits needed to reach the goal. (This, of course, could also be "Need Home Runs" or "Need Doubles" - Whatever.)</li>
            <li>
                Years Remaining. The number of years remaining to meet the goal is estimated by the formula 24- .6(age). This formula assigns a 20-year-old player 12.0 remaining seasons, a 25-year-old player 9.0<br>
        remaining seasons, a 30-year-old player 6.0 remaining seasons, a 35-year-old player 3.0 remaining seasons. Any player who is still playing regularly is assumed to have at least 1.5 seasons remaining, regardless of his age.</li>
            <li>Established Hit Level. For 1996, the established hit level would be found by adding 1993 hits, two times 1994 hits, and three times 1995 hits, and dividing by six. However, a player cannot have an established performance level that is less than three-fourths of his most recent performance; that is, a player who had 200 hits in 1995 cannot have an established hit level below 150.</li>
            <li>Projected Remaining Hits. This is found by multiplying the second number (ears remaining) by the third (established hit level). Once you get the projected remaining hits, the chance of getting to the goal is figured by (projected remaining hits) divided by (need hits), minus .5. By this method, if your "need hits" and your "projected remaining hits" are the same, your chance of reaching the goal is 50 percent. If your projected remaining hits are 20 percent more than your need hits, the chance of reaching the goal is 70 percent.</li>
        </ol>

        <strong>Two special rules, and a note:</strong>
        <ol>
            <li>A player's chance of continuing to progress toward a goal cannot exceed .97 per year. (This rule prevents a player from figuring to have a 148 percent chance of reaching a goal.)</li>
            <li>If a player's offensive winning percentage is below .500, his chance of continuing to progress toward the goal cannot exceed .75 per season. (That is, if a below-average hitter is two years away from reaching a goal, his chance of reaching that goal cannot be shown as better than nine-sixteenths, or three-fourths times three-fourths, regardless of his age.)</li>
            <li>For 1994 and 1995, we used projected stats based on a full season of play..</li>
        </ol>
    </desc>
    </term>
    <term>
        <label>
            Fielding Percentage
        </label>
        <desc>
            (Putouts plus Assists) divided by (Putouts plus Assists plus Errors).
        </desc>
    </term>
    <term>
        <label>
            First Batter Efficiency
        </label>
        <desc>
            This statistic tells you the batting average allowed by a relief pitcher to the first batter he faces.
        </desc>
    </term>
    <term>
        <label>
            GDP per GDP Situation
        </label>
        <desc>
            A GDP situation exists any time there is a man on first with less than two outs. This statistic measures how often a player grounds into a double play in that situation.
        </desc>
    </term>
    <term>
        <label>
            Go-Ahead RBI
        </label>
        <desc>
            Any time a player drives in a run which gives his team the lead, he is credited with a go-ahead RBI.
        </desc>
    </term>
    <term>
        <label>
            Ground/Fly Ratio (Grd/Fly)
        </label>
        <desc>
            Simply a hitter's ground balls divided by his fly balls. All batted balls except line drives and bunts are included.
        </desc>
    </term>
    <term>
        <label>
            Hold
        </label>
        <desc>
            A Hold is credited any time a relief pitcher enters a game in a Save Situation (see definition below), records at least one out, and leaves the game never having relinquished the lead. Note: a pitcher cannot finish the game and receive credit for a Hold, nor can he earn a hold and a save.
        </desc>
    </term>
    <term>
        <label>
            Inherited Runner
        </label>
        <desc>
            Any runner(s) on base when a relief pitcher enters a game are considered "inherited" by that pitcher.
        </desc>
    </term>
    <term>
        <label>
            Isolated Power
        </label>
        <desc>
            Slugging Percentage minus Batting Average.
        </desc>
    </term>
    <term>
        <label>
            K/BB Ratio
        </label>
        <desc>
            Strikeouts divided by Walks.
        </desc>
    </term>
    <term>
        <label>
            Late &amp; Close
        </label>
        <desc>
            A Late &amp; Close situation meets the following requirements:
            <ol>
                <li>The game is in the seventh inning or later, and</li>
                <li>the batting team is either leading by one run, tied, or has the potential tying run on base, at bat, or on deck</li>
            </ol>

            Note: This situation is very similar to the characteristics of a Save Situation
        </desc>
    </term>
    <term>
        <label>
            Leadoff On Base%
        </label>
        <desc>
            The On-Base Percentage of a player when batting first in the batting order
        </desc>
    </term>
    <term>
        <label>
            No Decision (ND)
        </label>
        <desc>
            The result when a starter is credited with neither a win nor a loss.
        </desc>
    </term>
    <term>
        <label>
            OBP+SLUG
        </label>
        <desc>
            On-base percentage plus slugging percentage.
        </desc>
    </term>
    <term>
        <label>
            Offensive Winning Percentage (OWP)
        </label>
        <desc>
            The Winning Percentage a team of nine Fred McGriffs (or anybody) would compile against average pitching and defense. The formula:
    
        (Runs Created per 27 outs) divided by the League average of runs scored per game. Square the result and divide it by (1+itself).
    </desc>
    </term>
    <term>
        <label>
            On Base Percentage
        </label>
        <desc>
            (Hits plus Walks plus Hit by Pitcher) divided by (At Bats plus Walks plus Hit by Pitcher plus Sacrifice Flies).
        </desc>
    </term>
    <term>
        <label>
            Opponent Batting Average
        </label>
        <desc>
            Hits Allowed divided by (Batters Faced minus Walks minus Hit Batsmen minus Sacrifice Hits minus Sacrifice Flies minus Catcher's Interference).
        </desc>
    </term>
    <term>
        <label>
            Outfielder Hold Percentage
        </label>
        <desc>
            A statistic used to evaluate outfielders' throwing arms. "Hold Percentage" is computed by dividing extra bases taken (by baserunners) by the number of opportunities. For example, if a single is lined to center field with men on first and second, and one man scores while the other stops at second, that is one extra base taken on two opportunities, a 50.0 hold percentage.
        </desc>
    </term>
    <term>
        <label>
            PA*
        </label>
        <desc>
            The divisor for On Base Percentage: At Bats plus Walks plus Hit By Pitcher plus Sacrifice Flies; or Plate Appearances minus Sacrifice Hits and Times Reached Base on Defensive Interference.
        </desc>
    </term>
    <term>
        <label>
            PCS (Pitchers' Caught Stealing)
        </label>
        <desc>
            The number of runners officially counted as Caught Stealing where the initiator of the fielding play was the pitcher, not the catcher. Note: such plays are often referred to as pickoffs, but appear in official records as Caught Stealing. The most common pitcher caught stealing scenario is a 1-3-6 fielding play, where the runner is officially charged a Caught Stealing because he broke for second base. Pickoff (fielding play 1-3 being the most common) is not an official statistic.
        </desc>
    </term>
    <term>
        <label>
            Percentage of Pitches Taken
        </label>
        <desc>
            This tells you how often a player lets a pitch go by without swinging.
        </desc>
    </term>
    <term>
        <label>
            Percentage of Swings Put In Play
        </label>
        <desc>
            This tells you how often a player hits the ball into fair territory, or is retired on a foul-ball out, when he swings.
        </desc>
    </term>
    <term>
        <label>
            Pickoffs (Pk)
        </label>
        <desc>
            The number of times a runner was picked off base by a pitcher.
        </desc>
    </term>
    <term>
        <label>
            Pivot Percentage
        </label>
        <desc>
            The number of double plays turned by a second baseman as the pivot man, divided by the number of opportunities.
        </desc>
    </term>
    <term>
        <label>
            PkOf Throw/Runner
        </label>
        <desc>
            The number of pickoff throws made by a pitcher divided by the number of runners on first base.
        </desc>
    </term>
    <term>
        <label>
            Plate Appearances
        </label>
        <desc>
            At Bats plus Total Walks plus Hit By Pitcher plus Sacrifice Hits plus Sacrifice Flies plus Times Reached on Defensive Interference.
        </desc>
    </term>
    <term>
        <label>
            Power/Speed Number
        </label>
        <desc>
            A way to look at power and speed in one number. A player must score high in both areas to earn a high Power/Speed Number. The formula: (HR x SB x 2) divided by (HR + SB).
        </desc>
    </term>
    <term>
        <label>
            Quality Start
        </label>
        <desc>
            Any start in which a pitcher works six or more innings while allowing three or fewer earned runs.
        </desc>
    </term>
    <term>
        <label>
            Quick Hooks and Slow Hooks
        </label>
        <desc>
            A Quick Hook is the removal of a pitcher who has pitched less than 6 innings and given up 3 runs or less. A Slow Hook occurs when a pitcher pitches more than 9 innings, or allows 7 or more runs, or
            whose combined innings pitched and runs allowed totals 13 or more.
        </desc>
    </term>
    <term>
        <label>
            Range Factor
        </label>
        <desc>
            The number of Chances (Putouts plus Assists) times nine divided by the number of Defensive Innings Played. The average for a Regular Player at each position in 1998:
            <ul>
                <li>Second Base: 4.99 Left Field: 2.00</li>
                <li>Third Base: 2.65 Center Field: 2.59</li>
                <li>Shortstop: 4.60 Right Field: 2.10</li>
            </ul>
        </desc>
    </term>
    <term>
        <label>
            Relief Points (Pts)
        </label>
        <desc>
            Wins plus saves minus losses
        </desc>
    </term>
    <term>
        <label>
            Run Support Per 9 IP
        </label>
        <desc>
            The number of runs scored by a pitcher's team while he was still in the game times nine divided by his Innings Pitched.
        </desc>
    </term>
    <term>
        <label>
            Runs Created
        </label>
        <desc>
            A way to combine a batter's total offensive contributions into one number. The formula: (H + BB + HBP - CS - GIDP) times (Total Bases + .26(TBB - IBB + HBP) + .52(SH + SF + SB)) divided by (AB + TBB + HBP + SH + SF).
        </desc>
    </term>
    <term>
        <label>
            Runs/Times on Base
        </label>
        <desc>
            This is calculated by dividing Runs Scored by Times on Base
        </desc>
    </term>
    <term>
        <label>
            Save Percentage
        </label>
        <desc>
            Saves (SV) divided by Save Opportunities (OP).
        </desc>
    </term>
    <term>
        <label>
            Save Situation
        </label>
        <desc>
            A Relief Pitcher is in a Save Situation when upon entering the game with his club leading, he has the opportunity to be the finishing pitcher (and is not the winning pitcher of record at the time), and meets any one of the three following conditions:
            <ol>
                <li>he has a lead of no more than three runs and has the opportunity to pitch for at least one inning, or</li>
                <li>he enters the game, regardless of the count, with the potential tying run either on base, at bat, or on deck; or</li>
                <li>he pitches three or more innings regardless of the lead and the official scorer credits him with a save.</li>
            </ol>
        </desc>
    </term>
    <term>
        <label>
            SBA
        </label>
        <desc>
            Stolen-base attempts against a catcher
        </desc>
    </term>
    <term>
        <label>
            SB Success%
        </label>
        <desc>
            Stolen Bases divided by (Stolen Bases plus Caught Stealing).
        </desc>
    </term>
    <term>
        <label>
            Secondary Average
        </label>
        <desc>
            A way to look at a player's extra bases gained, independent of Batting Average. The formula: (Total Bases - Hits + TBB + SB) divided by At Bats.
        </desc>
    </term>
    <term>
        <label>
            Slow-A
        </label>
        <desc>
            Otherwise known as "Regular A," these full-season minor leagues contain less-experienced professional players. The Slow-A leagues are the Midwest League and South Atlantic League (Sally).
        </desc>
    </term>
    <term>
        <label>
            Slugging Percentage
        </label>
        <desc>
            Total Bases divided by At Bats.
        </desc>
    </term>
    <term>
        <label>
            Stolen Base Percentage Allowed
        </label>
        <desc>
            This figure indicates how successful opposing baserunners are when attempting a stolen base. It's stolen bases divided by stolen-base attempts.
        </desc>
    </term>
    <term>
        <label>
            Times on Base
        </label>
        <desc>
            Hits plus walks plus hit by pitch
        </desc>
    </term>
    <term>
        <label>
            Total Bases
        </label>
        <desc>
            A single counts as one base, doubles are two bases, triples three bases, and home runs are four bases. Add all hits together using this math to calculate total bases.
        </desc>
    </term>
    <term>
        <label>
            Win-Loss Percentage or Winning Percentage
        </label>
        <desc>
            Wins divided by (Wins plus Losses).
        </desc>
    </term>
    <term>
        <label>
            Zone Rating
        </label>
        <desc>
            Simply the percentage of balls fielded by a player in his typical defensive "zone," as measured by STATS reporters. To understand zone ratings, you need to understand how the STATS scoring system divides up the field of play. Picture the playing field as a piece of pie where the fair territory is sliced up into 22 equal (and rather narrow) parts. Starting at home plate, "cuts" are made, running to the outfield fence. The first "slice," running along the left field line, is called Zone C. Like any properly formed piece of pie, it grows wider as you approach the "crust" (i.e., the outfield fence). Zone C is about six or seven feet wide at the third base bag, and about 20 feet wide at a distance of 300 feet from the plate. (Zones A, B, Y and Z are in foul territory.) The next 21 Zones extend from Zone C to the edge of the right field line. The dividing line between Zones M and N runs over second base, splitting the field in half. Once you're able to picture the Zones, it's easy to understand the area assigned to each fielder. For infielders, only ground balls are considered when zone rating is calculated. Line drives, popups and fly balls are ignored. (One additional wrinkle is that the first baseman is responsible for all bunts that travel more than 40 feet and land in his area of responsibility.) The first baseman is responsible for covering Zones V through X, the three most rightward zones on the field. This includes all grounders hit within approximately 20 feet of the right field line, up to the line itself. The second baseman is responsible for Zones O through T. Remember, the left boundary of Zone N is midfield; the right boundary of Zone N, where it meets Zone O, is the leftward edge of the second baseman's territory. It lies about eight feet to the right of second base. The second baseman's area runs through Zone T, and the first baseman's area begins at Zone V. The is one "slice" in between, Zone U, which belongs to neither fielder. The respective areas of responsibility for the third baseman and shortstop are mirror images of the first and second baseman's zones. The third baseman is responsible for Zones C through F, and the shortstop is responsible for Zones H through L. Zone G lies in between. There is an unassigned area between the shortstop and second baseman's zone, but it is twice as large as the gap between 3B/SS or 1B/2B. The two middle zones, M and N, belong to neither middle infielder. Unlike the infielders, the outfielders are each given two separate zones, one for fly balls and one for line drives. Since line drives remain in the air for a shorter amount of time, outfielders are assigned a smaller zone on those types of balls. For a batted ball to be assigned to an outfielder, it must travel a certain distance. Corner outfielders are responsible for all line drives in their area that travel between 250 and 350 feet. They also are responsible for all fly balls that travel over 200 feet. The center fielder is responsible for all line drives between 270 and 370 feet, and all fly balls over 220 feet. The left fielder's area covers Zones E through I on line drives and D through I on fly balls. Zone C along the left field line is unassigned. The center fielder is responsible for Zones K through P on lines drives and Zones J through Q on fly balls. His fly-ball area borders on that of the left fielder. On line drives, Zone J is the unassigned area between the two fielders. The right fielder is responsible for zones R through V on line drives and R through W on fly balls. Zone Q is unassigned on line drives, and Zone X along the right field line is unassigned. Using these zones, we determine how many balls are hit into each fielder's area of responsibility. An infielder's zone rating is equal to the number of outs made divided by the number of balls hit into the player's zone. "Outs made" equals every ball fielded within the zone that is turned into an out, plus all balls fielded outside the zone turned into outs, plus double plays started. When a player fields a ball outside his zone and turns it into an out, it is counted as both an "out" and a "ball in zone" for the purposes of calculating his zone rating. This means that a double play is counted as two outs. It also means that a player's zone rating can approach or even exceed 1.000, since a player can make up for unfielded chances by turning double plays. Also, a player's ability to get to balls outside his zone can boost his zone rating. Therefore, zone rating should not be interpreted simply as the percentage of balls hit into a player's zone that the fielder was able to turn into outs (if that were the proper definition, it obviously would be impossible for a player to post a zone rating anywhere close to 1.000). An outfielder's zone rating equals the balls hit into his zone which do not result in hits, divided by the number of balls hit into his zone. The player is credit with both an "out" and a "ball in zone" in balls caught outside his zone. Again, this measure is not equal to the percentage of balls in his zone that an outfielder is able to turn into an out, since he can make up for unfielded chances by recording outs outside his zone.
        </desc>
    </term>
    <term>
        <label>
            Day/Night
        </label>
        <desc>
            Officially, night games in the National League are those that start after 5:00 pm, while night games in the AL begin after 6:00 pm. Therefore, a game at 5:30 in Yankee Stadium is a day game while one in Shea Stadium at the same time is a night game. We avoid this silliness by calling all games starting after 5:00pm night games.
        </desc>
    </term>
    <term>
        <label>
            First Pitch
        </label>
        <desc>
            Refers to the first pitch of a given at bat, and any walks listed here are intentional walks.
        </desc>
    </term>
    <term>
        <label>
            Grass/Turf
        </label>
        <desc>
            Grass is grass. Turf is artificial turf.
        </desc>
    </term>
    <term>
        <label>
            Groundball/Flyball Ratio
        </label>
        <desc>
            A hitter's stats against pitchers that induce mostly grounders or flies, respectively. If the ratio is less than 1.00, then he is a Flyball hitter. If it is greater than 1.50, he is a Groundball hitter. Anything else is classified as neutral. Same cutoffs apply for classifying pitchers. Anyone with less than 50 plate appearances is automatically neutral.
        </desc>
    </term>
    <term>
        <label>
            First Inning Pitched
        </label>
        <desc>
            Describes the result of the pitcher's work until he recorded three outs.
        </desc>
    </term>
    <term>
        <label>
            Inning 1-6 and Inning 7+
        </label>
        <desc>
        </desc>
    </term>
    <term>
        <label>
            None On/Out
        </label>
        <desc>
            Refers to situation when there are no outs and the bases are empty (generally leadoff situations).
        </desc>
    </term>
    <term>
        <label>
            None On/Runners On
        </label>
        <desc>
            Describes the status of the baserunners
        </desc>
    </term>
    <term>
        <label>
            Number of Pitches
        </label>
        <desc>
            This section shows the results of balls put into play while his pitch count was in that range.
        </desc>
    </term>
    <term>
        <label>
            Pitcher/Batter Match-Ups
        </label>
        <desc>
            The following conditions must be met before a player is added to the list:
            <ol>
                <li>There must be greater than 10 plate appearances between the batter and the pitcher; and</li>
                <li>Batters must have a .300 average against a pitcher to be considered a "Hits Best Against" candidate, and pitchers must limit hitters to under .250 to be listed under "Pitches Best Vs." Thus, not all hitters will have five pitchers that qualify and not all pitchers will have five batters who qualify</li>
            </ol>
        </desc>
    </term>
    <term>
        <label>
            Scoring Position
        </label>
        <desc>
            At least one runner must be at either second or third base.
        </desc>
    </term>
    <term>
        <label>
            Vs. 1st Batter (Relief)
        </label>
        <desc>
            Describes what happened to the first batter a reliever faces.
        </desc>
    </term>
</glossary>