<?xml version="1.0" encoding="utf-8" ?>
<languages>
  <language code="EN" name="English" img="images/flags/flag_us.gif">
    <language name="English" />
    <language name="Spanish" />
    <language name="Japanese" />
    <language name="Chinese (Mandarin)" />
    <language name="Chinese (Cantonese)" />
    <language name="Portuguese" />
    <language name="Dutch" />
    <language name="German" />
    <language name="French" />
    <language name="Italian" />
    <language name="Tagalog" />
    <language name="Korean" />
    <language name="Swedish" />
    <language name="Russian" />
  </language>
  <language code="FR" name="Français" img="images/flags/flag_fr.gif">
    <language name="Anglais" />
    <language name="Espagnol" />
    <language name="Japonais" />
    <language name="Chinois (Mandarin)" />
    <language name="Chinois (Cantonais)" />
    <language name="Portugais" />
    <language name="Néerlandais" />
    <language name="Allemand" />
    <language name="Français" />
    <language name="Italien" />
    <language name="Tagalog" />
    <language name="Coréen" />
    <language name="Suédois" />
    <language name="Russe" />
  </language>
  <language code="DE" name="Deutsch" img="">
    <language name="Englisch" />
    <language name="Spanisch" />
    <language name="Japanisch" />
    <language name="Chinesisch (Mandarin)" />
    <language name="Chinesisch (Kantonesisch)" />
    <language name="Portugiesisch" />
    <language name="Niederländisch" />
    <language name="Deutsch" />
    <language name="Französisch" />
    <language name="Italienisch" />
    <language name="Tagalog" />
    <language name="Koreanisch" />
    <language name="Schwedisch" />
    <language name="Russisch" />    
  </language>
  <language code="IT" name="Italiano" img="images/flags/flag_it.gif">
    <language name="Inglese" />
    <language name="Spagnolo" />
    <language name="Giapponese" />
    <language name="Chinese (Mandarin)" />
    <language name="Chinese (Cantonese)" />
    <language name="Portoghese" />
    <language name="Olandese" />
    <language name="Tedesco" />
    <language name="Francese" />
    <language name="Italiano" />
    <language name="Tagalog" />
    <language name="Coreano" />
    <language name="Svedese" />
    <language name="Russo" />
  </language>
  <language code="JP" name="日本の" img="images/flags/flag_jp.gif">
  <language name="英語" />
  <language name="スペイン語" />
  <language name="日本の" />
  <language name="中国語（マンダリン）" />
  <language name="中国語（広東語）" />
  <language name="ポルトガル語" />
  <language name="オランダ語" />
  <language name="ドイツ語" />
  <language name="フランス語" />
  <language name="イタリア語" />
  <language name="タガログ語" />
  <language name="韓国語" />
  <language name="スウェーデン語" />
    <language name="ロシア" />
</language>
  <language code="KR" name="한국어" img="images/flags/flag_kr.jpg">
    <language name="영어" />
    <language name="스페인어" />
    <language name="일본어" />
    <language name="중국어 (만다린)" />
    <language name="중국어 (광동어)" />
    <language name="포르투갈어" />
    <language name="네덜란드어" />
    <language name="독일어" />
    <language name="프랑스어" />
    <language name="이탈리아어" />
    <language name="타갈로그어" />
    <language name="한국어" />
    <language name="스웨덴어" />
    <language name="러시아어" />
  </language>
  <language code="RU" name="Русский" img="images/flags/flag_ru.gif">
    <language name="Английский" />
    <language name="Испанский" />
    <language name="Японский" />
    <language name="Китайский (Мандарин)" />
    <language name="Китайский (кантонский диалект)" />
    <language name="Португальский" />
    <language name="Голландский" />
    <language name="Немецкий" />
    <language name="Французский" />
    <language name="Итальянский" />
    <language name="Тагальский" />
    <language name="Корейский" />
    <language name="Шведский" />
    <language name="Русский" />
  </language>
  <language code="ES" name="Español" img="">
    <language name="Inglés" />
    <language name="Español" />
    <language name="Japonés" />
    <language name="Chino (Mandarin)" />
    <language name="Chino (Cantonés)" />
    <language name="Portugués" />
    <language name="Holandés" />
    <language name="Alemán" />
    <language name="Francés" />
    <language name="Italiano" />
    <language name="Tagalo" />
    <language name="Coreano" />
    <language name="Sueco" />
    <language name="Rusia" />    
  </language>
 </languages>
