﻿<?xml version="1.0" encoding="utf-8"?>
<teams>
    <team>
        <abrv>BAL</abrv>
        <name>Orioles</name>
        <stadium>Oriole Park</stadium>
        <address>333 West Camden Street</address>
        <city>Baltimore</city>
        <state>Maryland</state>
        <zip>21201</zip>
        <phone>(410) 685-9800</phone>
        <url>http://orioles.com/</url>
        <logo></logo>
        <mascot>The Bird</mascot>
    </team>
    <team>
        <abrv>BOS</abrv>
        <name>Red Sox</name>
        <stadium>Fenway Park</stadium>
        <address>4 Yawkey Way</address>
        <city>Boston</city>
        <state>Massachusetts</state>
        <zip>02215</zip>
        <phone>(617) 267-944</phone>
        <url>http://redsox.com/</url>
        <logo></logo>
        <mascot>Lefty and Righty, Wally the Green Monster</mascot>
    </team>
    <team>
        <abrv>CWS</abrv>
        <name>White Sox</name>
        <stadium>U.S. Cellular Field</stadium>
        <address>333 West 35th Street</address>
        <city>Chicago</city>
        <state>Illinois</state>
        <zip>60616</zip>
        <phone>(312) 674-100</phone>
        <url>http://whitesox.com/</url>
        <logo></logo>
        <mascot>Southpaw</mascot>
    </team>
    <team>
        <abrv>CLE</abrv>
        <name>Indians</name>
        <stadium>Progressive Field</stadium>
        <address>2401 Ontario Street</address>
        <city>Cleveland</city>
        <state>Ohio</state>
        <zip>44115</zip>
        <phone>(216) 420-420</phone>
        <url>http://indians.com/</url>
        <logo></logo>
        <mascot>Slider</mascot>
    </team>
    <team>
        <abrv>DET</abrv>
        <name>Tigers</name>
        <stadium>Comerica Park</stadium>
        <address>2100 Woodward Avenue</address>
        <city>Detroit</city>
        <state>Michigan</state>
        <zip>48201</zip>
        <phone>(313) 471-2000</phone>
        <url>http://tigers.com/</url>
        <logo></logo>
        <mascot>Paws</mascot>
    </team>
    <team>
        <abrv>KAN</abrv>
        <name>Royals</name>
        <stadium>Kauffman Stadium</stadium>
        <address>One Royal Way</address>
        <city>Kansas City</city>
        <state>Missouri</state>
        <zip>64129</zip>
        <phone>(816) 921-8000</phone>
        <url>http://royals.com/</url>
        <logo></logo>
        <mascot>Sluggerrr</mascot>
    </team>
    <team>
        <abrv>LAA</abrv>
        <name>Angeles</name>
        <stadium>Angel Stadium</stadium>
        <address>2000 Gene Autry Way</address>
        <city>Anahiem</city>
        <state>California</state>
        <zip>92806</zip>
        <phone>(714) 940-2000</phone>
        <url>http://angelsbaseball.com/</url>
        <logo></logo>
        <mascot>No Mascot</mascot>
    </team>
    <team>
        <abrv>MIN</abrv>
        <name>Twins</name>
        <stadium>Target Field</stadium>
        <address>1 Twins Way</address>
        <city>Minneapolis</city>
        <state>Minnesota</state>
        <zip>55403</zip>
        <phone>(612) 659-3400</phone>
        <url>http://twinsbaseball.com/</url>
        <logo></logo>
        <mascot>T.C. Bear</mascot>
    </team>
    <team>
        <abrv>NYY</abrv>
        <name>Yankees</name>
        <stadium>Yankee Stadium</stadium>
        <address>One East 161st Street</address>
        <city>Bronx</city>
        <state>New York</state>
        <zip>10451</zip>
        <phone>(718) 293-4300</phone>
        <url>http://yankees.com/</url>
        <logo></logo>
        <mascot>Dandy</mascot>
    </team>
    <team>
        <abrv>OAK</abrv>
        <name>Athletics</name>
        <stadium>Oakland-Alemeda County Coliseum</stadium>
        <address>7000 Coliseum Way</address>
        <city>Oakland</city>
        <state>California</state>
        <zip>94621</zip>
        <phone>(510) 638-4900</phone>
        <url>http://oaklandathletics.com/</url>
        <logo></logo>
        <mascot>Stomper</mascot>
    </team>
    <team>
        <abrv>SEA</abrv>
        <name>Mariners</name>
        <stadium>Safeco Field</stadium>
        <address>P.O. Box 4100</address>
        <city>Seattle</city>
        <state>Washington</state>
        <zip>98104</zip>
        <phone>(206) 346-4000</phone>
        <url>http://mariners.com/</url>
        <logo></logo>
        <mascot>Mariner Moose</mascot>
    </team>
    <team>
        <abrv>TAM</abrv>
        <name>Tampa Bay Devil Rays</name>
        <stadium>Tropicana Field</stadium>
        <address>One Tropicana Drive</address>
        <city>St. Petersberg</city>
        <state>Florida</state>
        <zip>33705</zip>
        <phone>(727) 825-3137</phone>
        <url>http://raysbaseball.com/</url>
        <logo></logo>
        <mascot>Raymond</mascot>
    </team>
    <team>
        <abrv>TEX</abrv>
        <name>Rangers</name>
        <stadium>Randers Ballpark</stadium>
        <address>1000 Ballpark Way</address>
        <city>Arlington</city>
        <state>Texas</state>
        <zip>76011</zip>
        <phone>(817) 273-5222</phone>
        <url>http://texasrangers.com/</url>
        <logo></logo>
        <mascot>Rangers Captain</mascot>
    </team>
    <team>
        <abrv>TOR</abrv>
        <name>Blue Jays</name>
        <stadium>Rogers Centre</stadium>
        <address>1 Blue Jays Way, Suite 3200</address>
        <city>Toronto</city>
        <state>Ontario</state>
        <country>Canada</country>
        <zip>M5V1J1</zip>
        <phone>(416) 341-1000</phone>
        <url>http://bluejays.com/</url>
        <logo></logo>
        <mascot>Ace</mascot>
    </team>
</teams>