<?xml version="1.0" encoding="utf-8" ?>
<months>
  <!--English-->
  <language id="EN">
    <month name="January" abbr="Jan" value="1" />
    <month name="February" abbr="Feb" value="2" />
    <month name="March" abbr="Mar" value="3" />
    <month name="April" abbr="Apr" value="4" />
    <month name="May" abbr="May" value="5" />
    <month name="June" abbr="June" value="6" />
    <month name="July" abbr="July" value="7" />
    <month name="August" abbr="Aug" value="8" />
    <month name="September" abbr="Sep" value="9" />
    <month name="October" abbr="Oct" value="10" />
    <month name="November" abbr="Nov" value="11" />
    <month name="December" abbr="Dec" value="12" />
  </language>
  <!--German-->  
  <language id="DE">
    <month name="Januar" abbr="Jan" value="1" />
    <month name="Februar" abbr="Feb" value="2" />
    <month name="März" abbr="Mar" value="3" />
    <month name="April" abbr="Apr" value="4" />
    <month name="Mai" abbr="May" value="5" />
    <month name="Juni" abbr="June" value="6" />
    <month name="Juli" abbr="July" value="7" />
    <month name="August" abbr="Aug" value="8" />
    <month name="September" abbr="Sep" value="9" />
    <month name="Oktober" abbr="Oct" value="10" />
    <month name="November" abbr="Nov" value="11" />
    <month name="Dezember" abbr="Dec" value="12" />
  </language>
  <!--French-->
  <language id="FR">
    <month name="Janvier" abbr="" value="1" />
    <month name="Février" abbr="" value="2" />
    <month name="Mars" abbr="" value="3" />
    <month name="Avril" abbr="" value="4" />
    <month name="Mai" abbr="" value="5" />
    <month name="Juin" abbr="" value="6" />
    <month name="Juillet" abbr="" value="7" />
    <month name="Août" abbr="" value="8" />
    <month name="Septembre" abbr="" value="9" />
    <month name="Octobre" abbr="" value="10" />
    <month name="Novembre" abbr="" value="11" />
    <month name="Décembre" abbr="" value="12" />
  </language>
  <!--Russian-->
  <language id="RU">
    <month name="Январь" abbr="" value="1" />
    <month name="Февраль" abbr="" value="2" />
    <month name="Март" abbr="" value="3" />
    <month name="Апрель" abbr="" value="4" />
    <month name="Май" abbr="" value="5" />
    <month name="Июнь" abbr="" value="6" />
    <month name="Июль" abbr="" value="7" />
    <month name="Август" abbr="" value="8" />
    <month name="Сентябрь" abbr="" value="9" />
    <month name="Октябрь" abbr="" value="10" />
    <month name="Ноябрь" abbr="" value="11" />
    <month name="Декабрь" abbr="" value="12" />
  </language>
  <!--Spanish-->
  <language id="ES">
    <month name="Enero" abbr="" value="1" />
    <month name="Febrero" abbr="" value="2" />
    <month name="Marzo" abbr="" value="3" />
    <month name="Abril" abbr="" value="4" />
    <month name="Mayo" abbr="" value="5" />
    <month name="Junio" abbr="" value="6" />
    <month name="Julio" abbr="" value="7" />
    <month name="Agosto" abbr="" value="8" />
    <month name="Septiembre" abbr="" value="9" />
    <month name="Octubre" abbr="" value="10" />
    <month name="Noviembre" abbr="" value="11" />
    <month name="Diciembre" abbr="" value="12" />
  </language>
  <!-- 
    Arabic
    Chinese (Simplified)
    Chinese (Traditional)
    Dutch
    Greek
    Italian
    Japanese
    Korean
    Portuguese
  -->
</months>
