﻿<?xml version="1.0" encoding="utf-8" ?>
<neighborhoods>
  <!--
  Replace this with City State and Zip Info later
  -->
  <neighborhood id="0" value="San Francisco" />
  <neighborhood id="1" value="bayview / hunter's point" />
  <neighborhood id="2" value="bernal heights" />
  <neighborhood id="3" value="castro / eureka valley" />
  <neighborhood id="4" value="chinatown" />
  <neighborhood id="5" value="cole valley" />
  <neighborhood id="6" value="excelsior / outer mission" />
  <neighborhood id="7" value="financial district / embarcadero" />
  <neighborhood id="8" value="glen park" />
  <neighborhood id="9" value="haight ashbury" />
  <neighborhood id="10" value="hayes valley" />
  <neighborhood id="11" value="ingleside / merced / ocean view (SFSU,CCSF)" />
  <neighborhood id="12" value="inner richmond" />
  <neighborhood id="13" value="inner sunset / parnassus heights (UCSF)" />
  <neighborhood id="14" value="laurel heights / presidio" />
  <neighborhood id="15" value="lower haight / fillmore" />
  <neighborhood id="16" value="marina / cow hollow" />
  <neighborhood id="17" value="mission district" />
  <neighborhood id="18" value="nob hill" />
  <neighborhood id="19" value="noe valley" />
  <neighborhood id="20" value="north beach / telegraph hill" />
  <neighborhood id="21" value="pacific heights" />
  <neighborhood id="22" value="panhandle (USF)" />
  <neighborhood id="23" value="potrero hill / dogpatch" />
  <neighborhood id="24" value="richmond / seacliff" />
  <neighborhood id="25" value="russian hill" />
  <neighborhood id="26" value="soma / south beach / mission bay" />
  <neighborhood id="27" value="sunset / parkside" />
  <neighborhood id="28" value="tenderloin / civic center" />
  <neighborhood id="29" value="tendernob" />
  <neighborhood id="30" value="twin peaks / diamond heights" />
  <neighborhood id="31" value="visitacion valley / sunnydale / portola" />
  <neighborhood id="32" value="west portal / st. francis wood / forest hill" />
  <neighborhood id="33" value="western addition / japantown" />
  <neighborhood id="34" value="East Bay" />
  <neighborhood id="35" value="North Bay" />
  <neighborhood id="36" value="Peninsula" />
  <neighborhood id="37" value="South Bay" />
</neighborhoods>